DELETE FROM `Assignment`;
DELETE FROM `Manuscript`;
DELETE FROM `Reviewer`;
DELETE FROM `InterestList`;
DELETE FROM `Author`;
DELETE FROM `Editor`;

INSERT INTO `Issue` (`publicationYear`,`publicationPeriod`,`volume`,`pages`) VALUES (2017,1,1,0),(2017,2,2,0),(2017,3,3,0),(2017,4,4,0),(2018,1,5,0);
INSERT INTO `Issue` (`publicationYear`,`publicationPeriod`,`volume`,`pages`) VALUES (2018,2,6,0),(2018,3,7,0),(2018,4,8,0),(2019,1,9,0),(2019,2,10,0);

INSERT INTO `Editor` VALUES (1,'Qian','Yuzhong'),(2,'Li','Luyang');

INSERT INTO `Reviewer` (`idReviewer`,`reviewerLastName`,`reviewerFirstName`,`emailAddress`,`affliation`) VALUES (1,"Rivera","Harper","tortor.at@Nunclectus.org","Ante Nunc Corporation"),(2,"Mckee","Audra","sit@posuereenimnisl.edu","Cras Lorem Ltd"),(3,"Bray","Olga","magna@afelis.com","Elit Fermentum Risus Consulting"),(4,"Powers","Upton","eu.odio@condimentum.net","Aenean Egestas Corporation"),(5,"Cross","Xyla","et.commodo.at@velitPellentesque.com","Aliquet LLP");
INSERT INTO `Reviewer` (`idReviewer`,`reviewerLastName`,`reviewerFirstName`,`emailAddress`,`affliation`) VALUES (6,"White","Aphrodite","a.sollicitudin.orci@eutellus.ca","Cum Sociis Natoque Associates"),(7,"Mccoy","Fiona","metus@Nuncpulvinararcu.ca","Commodo Incorporated"),(8,"Boyle","Christen","Ut.semper@pedePraesent.net","Vestibulum Accumsan Limited"),(9,"Bradley","Zane","ligula.eu@scelerisque.org","Duis Elementum Inc."),(10,"Bray","Yeo","nisi.sem@sit.com","Nibh Dolor Institute");
INSERT INTO `Reviewer` (`idReviewer`,`reviewerLastName`,`reviewerFirstName`,`emailAddress`,`affliation`) VALUES (11,"Avila","Rhoda","nisi.sem@loremtristiquealiquet.org","Nunc Limited"),(12,"Wilder","Tucker","ipsum.leo.elementum@ante.ca","Nulla LLP"),(13,"Todd","Tara","pellentesque.massa.lobortis@sitametornare.edu","Et Ltd"),(14,"Crane","Cynthia","sit.amet.consectetuer@consectetueradipiscing.org","Id LLC"),(15,"Kane","Dawn","tincidunt.dui@odio.edu","Nullam Ut Company");
INSERT INTO `Reviewer` (`idReviewer`,`reviewerLastName`,`reviewerFirstName`,`emailAddress`,`affliation`) VALUES (16,"Drake","Lareina","magnis.dis.parturient@loremegetmollis.org","Vitae Sodales Ltd"),(17,"Rose","Eve","justo@sedconsequatauctor.co.uk","Molestie Corporation"),(18,"Witt","Rachel","dui.Fusce@orcilacusvestibulum.co.uk","Ultrices Duis Volutpat PC"),(19,"Jones","Beverly","non.feugiat@diamloremauctor.net","Neque Limited"),(20,"Stanton","Graham","ipsum@ipsum.co.uk","Sed Leo Incorporated");
INSERT INTO `Reviewer` (`idReviewer`,`reviewerLastName`,`reviewerFirstName`,`emailAddress`,`affliation`) VALUES (21,"Miranda","Nayda","gravida@risusodio.co.uk","Vivamus PC"),(22,"Perkins","Oleg","rutrum@at.com","Placerat Velit Quisque LLC"),(23,"Rosales","Michael","Proin@egetipsum.org","Enim Nisl Institute"),(24,"Hayes","Desirae","non@at.edu","Orci Phasellus LLC"),(25,"Coffey","Lareina","quam.elementum.at@nasceturridiculusmus.net","Lobortis Nisi Corporation");
INSERT INTO `Reviewer` (`idReviewer`,`reviewerLastName`,`reviewerFirstName`,`emailAddress`,`affliation`) VALUES (26,"Russo","Ezekiel","lobortis.risus.In@milorem.org","Semper Erat Institute"),(27,"Collier","Jonah","vestibulum@vitae.ca","Ultricies Ornare Elit Inc."),(28,"Cruz","Carolyn","massa.lobortis@Class.org","Tincidunt Tempus Risus Associates"),(29,"Burton","Odessa","ligula@diamluctuslobortis.edu","Ut Ltd"),(30,"Flowers","Ramona","nec.imperdiet@mauris.net","Molestie LLC");
INSERT INTO `Reviewer` (`idReviewer`,`reviewerLastName`,`reviewerFirstName`,`emailAddress`,`affliation`) VALUES (31,"Nielsen","Raya","pretium.aliquet.metus@accumsanlaoreetipsum.ca","Ultrices Iaculis Industries"),(32,"Orr","Chase","in.hendrerit.consectetuer@pellentesque.ca","Vel Arcu Eu Consulting"),(33,"Henry","Lisandra","nec.ligula.consectetuer@sapienAenean.com","Nascetur Ridiculus Mus Institute"),(34,"Simon","Urielle","malesuada.malesuada@Nullamfeugiat.ca","In Foundation"),(35,"Pate","Gregory","commodo.hendrerit.Donec@Proin.com","Velit Quisque Varius Company");
INSERT INTO `Reviewer` (`idReviewer`,`reviewerLastName`,`reviewerFirstName`,`emailAddress`,`affliation`) VALUES (36,"Hood","Carissa","aptent.taciti@vulputateposuere.net","Vitae Industries"),(37,"Carrillo","Patience","In.scelerisque@imperdiet.com","Lobortis Institute"),(38,"May","Mannix","justo.Praesent@nonummy.co.uk","Integer Company"),(39,"Mason","Deirdre","nascetur@amet.edu","Dis Parturient Limited"),(40,"Lindsey","Judith","quis.arcu@Pellentesqueut.co.uk","Arcu Ac PC");
INSERT INTO `Reviewer` (`idReviewer`,`reviewerLastName`,`reviewerFirstName`,`emailAddress`,`affliation`) VALUES (41,"Monroe","Barclay","Phasellus@magnaLoremipsum.com","Mollis Vitae Posuere Inc."),(42,"Robbins","Montana","mauris@parturientmontesnascetur.com","Ut Incorporated"),(43,"Puckett","Mufutau","sem@Namligula.com","Odio Etiam Industries"),(44,"Zamora","Benedict","mi.eleifend@justonecante.org","Ornare Inc."),(45,"Velez","Carol","netus.et.malesuada@velit.ca","Euismod Enim Incorporated");
INSERT INTO `Reviewer` (`idReviewer`,`reviewerLastName`,`reviewerFirstName`,`emailAddress`,`affliation`) VALUES (46,"Underwood","Fredericka","arcu.ac.orci@miloremvehicula.edu","Eu Tellus Eu Company"),(47,"Golden","Hector","semper.dui@duiCum.org","Massa Non Ante Consulting"),(48,"Salazar","Melanie","posuere@Cras.ca","Nec Luctus Incorporated"),(49,"Craig","Jasper","tellus.Phasellus.elit@nonante.ca","Placerat Orci Lacus Industries"),(50,"Mcbride","Courtney","lacus@etnetuset.net","Magna Sed Institute");
INSERT INTO `Reviewer` (`idReviewer`,`reviewerLastName`,`reviewerFirstName`,`emailAddress`,`affliation`) VALUES (51,"Levy","Preston","nunc.sed.pede@et.org","Dolor Tempus Non LLC"),(52,"Hoffman","Declan","imperdiet@Nunclaoreet.co.uk","Velit Pellentesque Associates"),(53,"King","Demetria","neque@vitaeodio.com","Mus Donec Dignissim Corporation"),(54,"Lancaster","Nash","Suspendisse.dui.Fusce@nec.co.uk","Integer Inc."),(55,"Griffith","Igor","Cum@imperdiet.org","Ac Risus Morbi Inc.");
INSERT INTO `Reviewer` (`idReviewer`,`reviewerLastName`,`reviewerFirstName`,`emailAddress`,`affliation`) VALUES (56,"Morrison","Colorado","nec@enim.co.uk","Tristique Senectus Et LLC"),(57,"Morin","Marny","ornare@purusgravida.net","Ut LLC"),(58,"Flynn","Ruth","Integer.vulputate.risus@infaucibus.ca","Vestibulum Mauris Magna PC"),(59,"Beach","Lee","massa.Integer.vitae@egestasnunc.net","Magna Phasellus LLC"),(60,"Caldwell","Melyssa","Quisque.nonummy.ipsum@Morbineque.edu","Augue Eu Incorporated");
INSERT INTO `Reviewer` (`idReviewer`,`reviewerLastName`,`reviewerFirstName`,`emailAddress`,`affliation`) VALUES (61,"Robbins","Wyoming","vulputate.mauris@nonummyut.com","Enim Nunc Corporation"),(62,"Hinton","Quon","eleifend.nunc@duiquisaccumsan.ca","Ligula Industries"),(63,"Woods","Ingrid","sed.facilisis@euismodac.edu","Orci Luctus LLC"),(64,"Stevens","Nora","Cum.sociis@commodo.org","Aenean Egestas Hendrerit Associates"),(65,"Wheeler","Declan","nunc.est.mollis@facilisi.net","In Faucibus Incorporated");
INSERT INTO `Reviewer` (`idReviewer`,`reviewerLastName`,`reviewerFirstName`,`emailAddress`,`affliation`) VALUES (66,"Fry","Jeremy","Etiam@lobortisnisinibh.org","Feugiat Nec Corporation"),(67,"Bowers","Anika","Duis.sit.amet@orciconsectetuer.co.uk","Eleifend Egestas LLC"),(68,"Reynolds","Yoshi","ipsum.leo.elementum@nequevitaesemper.ca","Cum Sociis Natoque LLP"),(69,"Pate","Blythe","aliquam@eu.net","Amet Limited"),(70,"Wheeler","Athena","lacinia.at@ligula.ca","Sapien Imperdiet Ornare Corp.");
INSERT INTO `Reviewer` (`idReviewer`,`reviewerLastName`,`reviewerFirstName`,`emailAddress`,`affliation`) VALUES (71,"Simon","Iris","ac.nulla@rutrum.ca","Amet Foundation"),(72,"Ford","Gary","porttitor.eros@sed.co.uk","Enim Sed Nulla Incorporated"),(73,"Chase","Michelle","morbi@Vestibulum.net","Curabitur Dictum Phasellus Ltd"),(74,"Jacobson","Mannix","Nulla.dignissim@aptenttaciti.net","Nam Ac Nulla Limited"),(75,"Tillman","Wanda","ut@eratvitaerisus.net","Lorem Associates");
INSERT INTO `Reviewer` (`idReviewer`,`reviewerLastName`,`reviewerFirstName`,`emailAddress`,`affliation`) VALUES (76,"Frederick","Robert","Sed@Donecsollicitudinadipiscing.edu","Non Foundation"),(77,"Blevins","Henry","Nulla.facilisis.Suspendisse@Integerurna.ca","Consectetuer Associates"),(78,"Mullen","Karen","tincidunt.pede@semut.net","Pede Cras Vulputate Company"),(79,"Fuller","Daniel","Vestibulum@primis.ca","Egestas Consulting"),(80,"Adkins","Alice","sodales@pedeNunc.edu","Aliquet Associates");
INSERT INTO `Reviewer` (`idReviewer`,`reviewerLastName`,`reviewerFirstName`,`emailAddress`,`affliation`) VALUES (81,"Jacobs","Sara","luctus.ut@orci.net","Curabitur Associates"),(82,"Mack","Halee","eget.varius.ultrices@tortornibhsit.org","Ut Molestie LLC"),(83,"Rich","Renee","pede.ultrices.a@blanditcongueIn.edu","Sollicitudin Limited"),(84,"Chaney","Cameron","Mauris@dui.org","Ante Nunc PC"),(85,"Kerr","Phelan","posuere.enim@Phasellusataugue.net","Et Lacinia Ltd");
INSERT INTO `Reviewer` (`idReviewer`,`reviewerLastName`,`reviewerFirstName`,`emailAddress`,`affliation`) VALUES (86,"Gentry","Caldwell","commodo.at.libero@Proinvelit.co.uk","In Inc."),(87,"Shaffer","Calvin","consectetuer@scelerisque.ca","Tincidunt Congue LLC"),(88,"Sims","Kiayada","scelerisque.dui@malesuada.ca","Eget Consulting"),(89,"Kaufman","Alana","nisi.Mauris.nulla@cursusluctusipsum.org","Magna Limited"),(90,"Levy","Bethany","per.inceptos@dolorDonecfringilla.edu","Donec Nibh Quisque LLC");
INSERT INTO `Reviewer` (`idReviewer`,`reviewerLastName`,`reviewerFirstName`,`emailAddress`,`affliation`) VALUES (91,"Steele","Erin","purus.Nullam.scelerisque@faucibuslectus.org","Lacus Pede Sagittis Associates"),(92,"Drake","Alvin","velit.dui.semper@enimEtiam.co.uk","Etiam Imperdiet PC"),(93,"Nolan","Fuller","eu.enim.Etiam@acfermentumvel.org","Turpis In Corp."),(94,"Bradford","Germane","cursus@Craseget.ca","Ut Mi Institute"),(95,"Hobbs","Hunter","rhoncus.Nullam@duiaugueeu.com","Felis Nulla Inc.");
INSERT INTO `Reviewer` (`idReviewer`,`reviewerLastName`,`reviewerFirstName`,`emailAddress`,`affliation`) VALUES (96,"Ortiz","Ila","In.faucibus.Morbi@tellus.co.uk","Curabitur Egestas Nunc Institute"),(97,"Clarke","Penelope","nec.ante@DonectinciduntDonec.org","Ullamcorper Limited"),(98,"Robbins","Uta","Nulla@tacitisociosquad.ca","Risus Quis Incorporated"),(99,"Kline","Otto","risus.Donec@eratvitae.com","Quam Curabitur LLC"),(100,"Randolph","Willow","vitae@Integer.ca","Eget Metus LLC");
INSERT INTO `Reviewer` (`idReviewer`,`reviewerLastName`,`reviewerFirstName`,`emailAddress`,`affliation`) VALUES (101,"Dennis","Zenaida","eget.dictum@interdum.com","Phasellus Corp."),(102,"Small","Athena","Nulla.dignissim.Maecenas@idlibero.net","Morbi Quis Inc."),(103,"Hood","Mikayla","velit.in.aliquet@Ut.org","Velit LLP"),(104,"Yang","Zachery","erat@elit.edu","In Dolor Limited"),(105,"Leon","Tallulah","dis.parturient.montes@Vivamus.co.uk","Amet Diam Eu Institute");
INSERT INTO `Reviewer` (`idReviewer`,`reviewerLastName`,`reviewerFirstName`,`emailAddress`,`affliation`) VALUES (106,"Monroe","Liberty","accumsan.convallis.ante@Curabitur.co.uk","Sed Id Foundation"),(107,"Hill","Kelly","Morbi@eusemPellentesque.ca","In Faucibus Company"),(108,"Greer","Kylan","fermentum@loremsitamet.co.uk","Magna Inc."),(109,"Jones","Unity","rutrum.Fusce@Mauris.net","Maecenas Mi Institute"),(110,"Briggs","Taylor","scelerisque.lorem.ipsum@Integer.edu","Vitae Erat Vel Associates");
INSERT INTO `Reviewer` (`idReviewer`,`reviewerLastName`,`reviewerFirstName`,`emailAddress`,`affliation`) VALUES (111,"Ball","Keane","orci@Loremipsumdolor.org","Eu Lacus Quisque Industries"),(112,"Horton","Emmanuel","Integer.aliquam.adipiscing@metusVivamus.com","Ligula Consectetuer Rhoncus PC"),(113,"Bean","Rhoda","nisi.Mauris.nulla@accumsan.net","Ante Consulting"),(114,"Hutchinson","Lois","quis.tristique.ac@Craseutellus.edu","Molestie Arcu Incorporated"),(115,"Chase","Cally","montes.nascetur.ridiculus@ornareFuscemollis.ca","Sollicitudin A Inc.");
INSERT INTO `Reviewer` (`idReviewer`,`reviewerLastName`,`reviewerFirstName`,`emailAddress`,`affliation`) VALUES (116,"Grant","Ava","a@In.edu","Mauris Suspendisse Ltd"),(117,"Kirk","Cheyenne","eu.metus.In@quisdiamPellentesque.net","Nulla Facilisi Sed LLC"),(118,"Burgess","Pearl","consectetuer.cursus.et@tellus.co.uk","Sem Elit LLP"),(119,"Stafford","Olga","sed.turpis@anteVivamus.co.uk","Sem Magna Industries"),(120,"Shannon","Cathleen","mauris.a@scelerisque.co.uk","Ac Tellus Ltd");
INSERT INTO `Reviewer` (`idReviewer`,`reviewerLastName`,`reviewerFirstName`,`emailAddress`,`affliation`) VALUES (121,"Clarke","Uriel","primis.in@Inornaresagittis.net","Arcu Imperdiet Corporation"),(122,"Ryan","Lunea","sit@mattisvelitjusto.ca","Lorem Vitae Industries"),(123,"Walters","Shaeleigh","Donec.nibh.enim@hendreritid.co.uk","In Condimentum LLC"),(124,"Vincent","Claire","pede.Praesent.eu@Sedauctorodio.ca","Aliquet Institute"),(125,"Booker","Hoyt","dapibus.quam@vestibulumnec.org","Nam Limited");
INSERT INTO `Reviewer` (`idReviewer`,`reviewerLastName`,`reviewerFirstName`,`emailAddress`,`affliation`) VALUES (126,"Rivas","Edward","metus.sit.amet@enimNunc.com","Quisque Porttitor Eros Associates"),(127,"Franks","Judith","tristique.ac.eleifend@a.co.uk","Non Leo Vivamus Limited"),(128,"Carson","Dane","In@nisidictum.org","Iaculis Associates"),(129,"Bryant","Cameron","nec@sempertellus.co.uk","Sem Semper Ltd"),(130,"Morton","Nolan","a@feugiatnonlobortis.ca","Enim Inc.");
INSERT INTO `Reviewer` (`idReviewer`,`reviewerLastName`,`reviewerFirstName`,`emailAddress`,`affliation`) VALUES (131,"French","Quintessa","dictum@nisl.org","Dictum Eleifend Incorporated"),(132,"Farmer","Fitzgerald","lorem@Aliquamultrices.edu","Quis Corp."),(133,"Norton","Yetta","dui.Fusce@mauris.org","In Mi Foundation"),(134,"Day","Lucius","consectetuer@utdolordapibus.net","Semper Pretium Neque Inc."),(135,"Bell","Acton","augue.ac.ipsum@sitametdiam.ca","Blandit Viverra Inc.");
INSERT INTO `Reviewer` (`idReviewer`,`reviewerLastName`,`reviewerFirstName`,`emailAddress`,`affliation`) VALUES (136,"Stevenson","Sean","ac.sem.ut@rhoncus.co.uk","Aliquam Eros Turpis Consulting"),(137,"Calhoun","Roanna","Nunc@erat.ca","Penatibus Et Magnis PC"),(138,"Decker","Bree","ipsum.Suspendisse@ipsum.co.uk","Aenean Eget Corporation"),(139,"Merrill","Ella","ac@ideratEtiam.ca","Phasellus At Augue PC"),(140,"Grimes","April","non@turpisNullaaliquet.ca","Proin Corp.");
INSERT INTO `Reviewer` (`idReviewer`,`reviewerLastName`,`reviewerFirstName`,`emailAddress`,`affliation`) VALUES (141,"Jordan","Hu","lobortis@vitaemauris.edu","Et Eros Industries"),(142,"Lancaster","Colette","dui.nec@id.ca","Nec Ltd"),(143,"Adkins","Zelenia","eget.laoreet.posuere@sed.com","Id Magna Company"),(144,"Green","Berk","malesuada.malesuada.Integer@risusIn.edu","Massa LLC"),(145,"Walker","Jacqueline","dictum@duinecurna.edu","Ipsum Leo Limited");
INSERT INTO `Reviewer` (`idReviewer`,`reviewerLastName`,`reviewerFirstName`,`emailAddress`,`affliation`) VALUES (146,"Underwood","Calvin","diam.Duis@rutrumurnanec.org","Morbi Associates"),(147,"Kerr","Orli","Aliquam@fringillaDonecfeugiat.net","Aliquet PC"),(148,"Wilkins","Celeste","eleifend.non@Sednulla.net","Sociosqu Ad Company"),(149,"Cummings","Zachery","lorem@eros.edu","Sit Amet Inc."),(150,"Burt","Catherine","Nullam.suscipit.est@sitametrisus.ca","Eleifend Company");
INSERT INTO `Reviewer` (`idReviewer`,`reviewerLastName`,`reviewerFirstName`,`emailAddress`,`affliation`) VALUES (151,"Silva","Simon","risus@consequatlectus.co.uk","Velit Corporation"),(152,"Vargas","Alyssa","magna@vel.co.uk","Magnis Incorporated"),(153,"Durham","Medge","augue.eu.tempor@enim.org","Nisi Consulting"),(154,"Parks","Bree","dictum.sapien.Aenean@adipiscinglobortis.co.uk","Ut Ipsum Associates"),(155,"Ball","Constance","euismod.enim@in.co.uk","Eu Associates");
INSERT INTO `Reviewer` (`idReviewer`,`reviewerLastName`,`reviewerFirstName`,`emailAddress`,`affliation`) VALUES (156,"Pruitt","Cleo","blandit.congue@lectusrutrumurna.edu","Conubia Consulting"),(157,"Higgins","Emmanuel","porta.elit@Suspendissealiquetsem.edu","Imperdiet Ornare In Institute"),(158,"Randall","Brent","elementum@a.ca","Semper Et Lacinia Ltd"),(159,"Landry","Aphrodite","Cras.dictum@mus.co.uk","Turpis Vitae Purus Consulting"),(160,"Buck","Price","Sed.neque@amet.co.uk","Nullam Corp.");
INSERT INTO `Reviewer` (`idReviewer`,`reviewerLastName`,`reviewerFirstName`,`emailAddress`,`affliation`) VALUES (161,"Sullivan","Patrick","eleifend.nec.malesuada@risusDonecnibh.net","Tincidunt Dui Augue Corporation"),(162,"Ramirez","Paula","pede.blandit@elementumduiquis.net","Praesent Luctus Curabitur Institute"),(163,"Sharpe","Jamalia","scelerisque.neque@Mauris.edu","Augue Malesuada Corp."),(164,"Ochoa","Erasmus","orci@at.com","Fringilla Cursus Inc."),(165,"Beach","Armand","ac@ante.com","Litora Torquent Per Associates");
INSERT INTO `Reviewer` (`idReviewer`,`reviewerLastName`,`reviewerFirstName`,`emailAddress`,`affliation`) VALUES (166,"Coffey","Vielka","purus.accumsan@aliquamiaculis.edu","Sociosqu Associates"),(167,"Mooney","Joshua","rutrum.non.hendrerit@odioa.edu","Vitae Institute"),(168,"Fulton","Imani","commodo.hendrerit.Donec@estmaurisrhoncus.edu","Neque Venenatis Limited"),(169,"Herrera","Trevor","dis.parturient.montes@lacinia.org","Risus Quisque PC"),(170,"Marsh","Mufutau","velit@Etiamvestibulum.co.uk","Elit Etiam Laoreet Corp.");
INSERT INTO `Reviewer` (`idReviewer`,`reviewerLastName`,`reviewerFirstName`,`emailAddress`,`affliation`) VALUES (171,"Alston","Angela","ridiculus.mus@nonmagna.net","Pharetra Institute"),(172,"Jimenez","Hiroko","ligula.Aenean.gravida@eget.co.uk","Duis Sit Amet Corporation"),(173,"Key","Duncan","a.feugiat.tellus@Phasellus.org","Ut Lacus Nulla Corporation"),(174,"Compton","Imelda","magna@nonnisi.co.uk","Donec Corporation"),(175,"Dillon","Cairo","non.lobortis.quis@enim.edu","Arcu Vivamus Corporation");
INSERT INTO `Reviewer` (`idReviewer`,`reviewerLastName`,`reviewerFirstName`,`emailAddress`,`affliation`) VALUES (176,"Velez","Tana","imperdiet.erat@nullaDonecnon.com","Phasellus Nulla Integer Company"),(177,"Rutledge","Tatiana","blandit.enim.consequat@vitae.ca","Nunc Mauris Elit LLP"),(178,"Durham","Elvis","porttitor.vulputate@sedestNunc.ca","Eu Arcu Morbi Industries"),(179,"Decker","Isadora","erat.nonummy@sit.net","Nam Consequat Dolor Foundation"),(180,"Craig","Stacy","In@magnamalesuadavel.org","Nunc Mauris Institute");
INSERT INTO `Reviewer` (`idReviewer`,`reviewerLastName`,`reviewerFirstName`,`emailAddress`,`affliation`) VALUES (181,"Joyner","Cynthia","Duis@dolorelit.org","Neque Et Foundation"),(182,"Fisher","August","non.enim@idsapienCras.net","Eu Arcu Morbi Corporation"),(183,"Clay","Macaulay","tortor@Suspendissealiquet.co.uk","Nisl Associates"),(184,"Miles","Anne","Mauris.quis.turpis@ullamcorperviverraMaecenas.edu","Non Feugiat Consulting"),(185,"Wiley","Delilah","ornare@nibhQuisquenonummy.com","Lorem Semper Auctor PC");
INSERT INTO `Reviewer` (`idReviewer`,`reviewerLastName`,`reviewerFirstName`,`emailAddress`,`affliation`) VALUES (186,"Hardy","Xerxes","Mauris.nulla@arcu.co.uk","Diam Pellentesque Habitant Corp."),(187,"Walker","Malik","Duis.dignissim@eu.ca","Adipiscing Enim Mi Corp."),(188,"Case","Aline","facilisis.Suspendisse@fringillami.ca","Non Hendrerit Id Industries"),(189,"Jacobson","Dolan","massa.non@Suspendisse.net","Pharetra Sed Hendrerit Associates"),(190,"House","Reagan","diam.nunc@egestas.net","Pede Cras Limited");
INSERT INTO `Reviewer` (`idReviewer`,`reviewerLastName`,`reviewerFirstName`,`emailAddress`,`affliation`) VALUES (191,"Levy","Emi","malesuada.augue@sociosqu.co.uk","Ornare Fusce Mollis LLC"),(192,"Floyd","Alice","sem.mollis@dolorsit.net","Hendrerit Neque Foundation"),(193,"Dorsey","Lara","neque.In@atlacusQuisque.edu","In Magna Phasellus Industries"),(194,"Jarvis","Dillon","neque.In.ornare@ipsumDonec.com","Dolor LLC"),(195,"Reid","Brady","in@NullaaliquetProin.com","A Tortor Nunc Industries");
INSERT INTO `Reviewer` (`idReviewer`,`reviewerLastName`,`reviewerFirstName`,`emailAddress`,`affliation`) VALUES (196,"Stark","Zelda","hymenaeos@purus.com","Lobortis Company"),(197,"Robinson","Aphrodite","Cum.sociis.natoque@erateget.co.uk","Augue Ac LLP"),(198,"Bernard","Colorado","nibh@vitaevelitegestas.co.uk","Amet Company"),(199,"Dickson","Brady","mi.felis.adipiscing@ametdiam.edu","Non Feugiat Incorporated"),(200,"Avery","Raya","ultricies@ipsumdolor.co.uk","Aliquet Nec Associates");
INSERT INTO `Reviewer` (`idReviewer`,`reviewerLastName`,`reviewerFirstName`,`emailAddress`,`affliation`) VALUES (201,"Molina","Selma","quis@euodio.edu","Ante Ipsum Company"),(202,"Mendoza","Baxter","lacus.Ut@vulputate.co.uk","Erat Vivamus Nisi Company"),(203,"Boyer","Deborah","eu.tempor@nisi.net","Vitae Inc."),(204,"Humphrey","Mona","nec@atiaculis.co.uk","Etiam Gravida LLP"),(205,"Carlson","Olivia","sagittis.Duis.gravida@cursus.org","Feugiat Nec Diam LLC");
INSERT INTO `Reviewer` (`idReviewer`,`reviewerLastName`,`reviewerFirstName`,`emailAddress`,`affliation`) VALUES (206,"Griffin","Neve","In.tincidunt@lacinia.net","Nec Corp."),(207,"Solomon","Montana","tellus.Aenean@molestie.org","Orci LLP"),(208,"Boyer","Kane","sed@nibhsit.org","Egestas Company"),(209,"Moon","Kareem","tortor@Donecnon.edu","Mauris Consulting"),(210,"Rivera","Ima","arcu.Curabitur@aarcuSed.edu","Mauris LLP");
INSERT INTO `Reviewer` (`idReviewer`,`reviewerLastName`,`reviewerFirstName`,`emailAddress`,`affliation`) VALUES (211,"Morgan","Nehru","odio.semper@ametdiam.net","Natoque Consulting"),(212,"Colon","Elijah","elit@ante.co.uk","Non Cursus Non Ltd"),(213,"Shaw","Phoebe","turpis.egestas@at.net","Eget Odio Aliquam Inc."),(214,"Morin","Bo","Sed.nunc@vestibulum.com","Fusce Aliquam Company"),(215,"Frost","Ina","in@sedsemegestas.ca","Elit Corp.");
INSERT INTO `Reviewer` (`idReviewer`,`reviewerLastName`,`reviewerFirstName`,`emailAddress`,`affliation`) VALUES (216,"Whitehead","Demetrius","non@apurus.co.uk","Lorem Foundation"),(217,"Delacruz","Giacomo","Maecenas@idnuncinterdum.ca","Quam Elementum Foundation"),(218,"Levy","Sydnee","non.sollicitudin.a@euelit.net","Turpis Inc."),(219,"Clemons","Fuller","auctor.vitae@Maurisvel.co.uk","Et Industries"),(220,"Dunlap","Nayda","In.mi@Aeneanegestashendrerit.com","Nullam Ut Nisi LLP");
INSERT INTO `Reviewer` (`idReviewer`,`reviewerLastName`,`reviewerFirstName`,`emailAddress`,`affliation`) VALUES (221,"Torres","Julie","eget.massa.Suspendisse@massaVestibulumaccumsan.co.uk","Ante Lectus Convallis LLP"),(222,"Schultz","Tiger","nec.mollis@Aliquam.com","Proin Ltd"),(223,"Fox","Alec","egestas@ornareegestasligula.edu","Arcu Institute"),(224,"Kemp","Steel","Vivamus.sit.amet@euismod.com","Adipiscing Lacus Ut PC"),(225,"Barry","Ryder","ut.odio@necenimNunc.org","Sem Company");
INSERT INTO `Reviewer` (`idReviewer`,`reviewerLastName`,`reviewerFirstName`,`emailAddress`,`affliation`) VALUES (226,"Hines","Germane","eget.dictum.placerat@eu.edu","Dolor Quisque LLP"),(227,"Mendoza","Jack","consectetuer.adipiscing.elit@etipsum.edu","Purus LLC"),(228,"Lynn","Noble","ante.dictum.mi@tempuseuligula.net","Adipiscing Limited"),(229,"Barlow","Heather","nunc@anteVivamus.net","Nisi Cum Sociis Consulting"),(230,"Tran","Abbot","facilisis@Phasellus.ca","Rutrum Ltd");
INSERT INTO `Reviewer` (`idReviewer`,`reviewerLastName`,`reviewerFirstName`,`emailAddress`,`affliation`) VALUES (231,"Ballard","Tasha","rhoncus.id.mollis@tellus.net","In Corporation"),(232,"Whitney","Sharon","tortor.Nunc.commodo@lorem.edu","Nunc Interdum LLP"),(233,"Sellers","Adena","feugiat.Sed.nec@magnaDuis.ca","Lorem Eget Corporation"),(234,"Baxter","Bruno","hymenaeos.Mauris@lectusCumsociis.co.uk","Nibh Phasellus Nulla Industries"),(235,"Torres","Melvin","nisl.Maecenas.malesuada@nec.co.uk","Pharetra Corporation");
INSERT INTO `Reviewer` (`idReviewer`,`reviewerLastName`,`reviewerFirstName`,`emailAddress`,`affliation`) VALUES (236,"Reeves","Zephr","natoque@veliteu.ca","Luctus LLC"),(237,"Castillo","Chantale","nulla.Donec@elitNulla.org","Dui Augue Eu Institute"),(238,"Reed","Hermione","nunc@loremlorem.com","Enim Diam Vel Incorporated"),(239,"Douglas","Adrian","auctor.non@fringilla.edu","Sociis Natoque Corporation"),(240,"Dale","Elaine","ac@molestie.org","Amet Nulla Donec Inc.");
INSERT INTO `Reviewer` (`idReviewer`,`reviewerLastName`,`reviewerFirstName`,`emailAddress`,`affliation`) VALUES (241,"Hunt","Chloe","posuere@ipsumdolor.ca","Ac Facilisis PC"),(242,"Stein","Carlos","pretium.et@et.edu","Ad Corp."),(243,"George","Kiona","non@eget.ca","In Dolor Fusce Corp."),(244,"Velazquez","Zelenia","dictum.ultricies@hymenaeosMauris.ca","Augue Eu Tellus Limited"),(245,"Tillman","Mannix","In.tincidunt.congue@nisl.com","Fringilla Ornare Placerat Company");
INSERT INTO `Reviewer` (`idReviewer`,`reviewerLastName`,`reviewerFirstName`,`emailAddress`,`affliation`) VALUES (246,"Koch","Lester","Sed@perconubia.com","Magna Praesent Interdum Institute"),(247,"Vincent","Nina","urna.Ut.tincidunt@fames.com","Lorem Ipsum Sodales Foundation"),(248,"Harrington","Vernon","lorem.ipsum.sodales@antedictumcursus.com","Magna LLC"),(249,"Grimes","Haviva","dolor.tempus.non@lectusconvallisest.com","Ut Institute"),(250,"Schultz","Phillip","Fusce.dolor@netusetmalesuada.co.uk","Et Ultrices Corporation");
INSERT INTO `Reviewer` (`idReviewer`,`reviewerLastName`,`reviewerFirstName`,`emailAddress`,`affliation`) VALUES (251,"Knight","Whilemina","nisi.sem@risus.ca","Vivamus LLC"),(252,"Mcleod","Veronica","libero.mauris@vitae.net","Amet Dapibus Id Foundation"),(253,"Rodriquez","Tatyana","elementum.at.egestas@leoMorbi.co.uk","Pede Malesuada Vel Institute"),(254,"Alston","Wylie","lectus@semconsequatnec.org","Et Pede Company"),(255,"Fox","Talon","et.euismod.et@lobortisnisi.edu","Mi Corporation");
INSERT INTO `Reviewer` (`idReviewer`,`reviewerLastName`,`reviewerFirstName`,`emailAddress`,`affliation`) VALUES (256,"Morrison","Phelan","feugiat.metus.sit@Sed.org","Sed Dui LLP"),(257,"Kirk","Galena","adipiscing.Mauris@vulputateeu.org","Venenatis Institute"),(258,"Flores","Raymond","tellus.faucibus@augue.edu","Ultrices Consulting"),(259,"Acevedo","Flavia","Mauris.vestibulum@ullamcorpervelit.ca","Malesuada Foundation"),(260,"Beasley","Camille","nonummy@ornare.com","Ut Institute");
INSERT INTO `Reviewer` (`idReviewer`,`reviewerLastName`,`reviewerFirstName`,`emailAddress`,`affliation`) VALUES (261,"Anthony","Preston","rutrum.urna.nec@Pellentesque.edu","Egestas Urna Justo Incorporated"),(262,"Carney","Anthony","pede.blandit@nec.edu","Malesuada Vel Inc."),(263,"Newton","Lane","neque.pellentesque@quismassaMauris.co.uk","Consectetuer Adipiscing LLC"),(264,"Gomez","Reagan","ultricies.ornare.elit@eget.co.uk","Non Incorporated"),(265,"Briggs","Dacey","tellus.lorem@venenatis.net","Lacus Ltd");
INSERT INTO `Reviewer` (`idReviewer`,`reviewerLastName`,`reviewerFirstName`,`emailAddress`,`affliation`) VALUES (266,"Shelton","Jenna","venenatis.lacus.Etiam@tristique.edu","Euismod Mauris Eu Corporation"),(267,"Henderson","Claudia","magnis@feugiatmetussit.edu","Sed Eget Lacus Foundation"),(268,"Bruce","Jayme","Nunc@Vestibulumante.co.uk","Eu Institute"),(269,"Smith","Cathleen","nunc.sed.pede@purus.net","Sagittis Corporation"),(270,"Mcneil","Maggy","aliquet.molestie@Nullam.net","Eu Elit Nulla Inc.");
INSERT INTO `Reviewer` (`idReviewer`,`reviewerLastName`,`reviewerFirstName`,`emailAddress`,`affliation`) VALUES (271,"Dean","Bryar","tempor@sollicitudincommodoipsum.org","Rutrum Justo Industries"),(272,"Mccray","Clayton","nonummy.ac.feugiat@sociosquad.co.uk","Consequat Lectus Sit Company"),(273,"Mercado","Elizabeth","Quisque.porttitor@utpellentesqueeget.com","Pulvinar Arcu Et Incorporated"),(274,"Norris","Kelly","nibh.enim.gravida@semperauctorMauris.edu","Praesent PC"),(275,"Mcleod","Bevis","Sed.nunc@molestieSedid.edu","Inceptos Hymenaeos Mauris Corporation");
INSERT INTO `Reviewer` (`idReviewer`,`reviewerLastName`,`reviewerFirstName`,`emailAddress`,`affliation`) VALUES (276,"Vang","Laura","porta@elitEtiam.org","Sit Amet Associates"),(277,"Lott","Melyssa","Nunc@Maurisnon.org","Et Lacinia PC"),(278,"Welch","Driscoll","eros@feugiatSednec.edu","Tristique Pellentesque Tellus Corp."),(279,"Harding","Skyler","Vestibulum.ante@ridiculusmus.ca","Id Libero Associates"),(280,"Clark","Lawrence","ac.orci.Ut@faucibusorciluctus.co.uk","Tellus Suspendisse Sed PC");
INSERT INTO `Reviewer` (`idReviewer`,`reviewerLastName`,`reviewerFirstName`,`emailAddress`,`affliation`) VALUES (281,"York","Barrett","sem@adipiscing.ca","Congue In Scelerisque Corp."),(282,"Good","Miriam","Sed.nulla@enim.ca","Enim Commodo Corporation"),(283,"Ingram","Jonah","Sed.nec.metus@felispurus.co.uk","Eros Nam Associates"),(284,"Robbins","Alexander","amet@Maecenasornare.com","Ipsum Dolor Industries"),(285,"Nichols","Marshall","senectus@SednequeSed.ca","Natoque Penatibus Incorporated");
INSERT INTO `Reviewer` (`idReviewer`,`reviewerLastName`,`reviewerFirstName`,`emailAddress`,`affliation`) VALUES (286,"Faulkner","Lucius","semper.et.lacinia@enimNuncut.co.uk","Placerat Incorporated"),(287,"Barr","Karyn","mauris.erat@aarcu.com","Parturient Montes Nascetur LLC"),(288,"Collins","Bruno","Suspendisse.commodo.tincidunt@nonummyutmolestie.com","Vel Convallis In Corporation"),(289,"Mclaughlin","Regina","Cras.interdum@acfermentumvel.ca","Erat Sed LLC"),(290,"Pearson","Kylie","et.netus.et@placerataugueSed.net","Mauris PC");
INSERT INTO `Reviewer` (`idReviewer`,`reviewerLastName`,`reviewerFirstName`,`emailAddress`,`affliation`) VALUES (291,"Trujillo","Dahlia","volutpat.nunc.sit@velit.ca","Etiam Ligula Tortor Incorporated"),(292,"Munoz","Avye","tristique@nequeInornare.org","Aliquam Enim Nec Company"),(293,"Peterson","Amy","mauris.sit@elit.com","Ut Nec Foundation"),(294,"James","Evangeline","adipiscing@nostra.com","Libero Integer LLC"),(295,"Golden","Warren","hymenaeos.Mauris@quisurnaNunc.co.uk","Nec Imperdiet Corp.");
INSERT INTO `Reviewer` (`idReviewer`,`reviewerLastName`,`reviewerFirstName`,`emailAddress`,`affliation`) VALUES (296,"Patrick","Lisandra","eu@dictumeleifendnunc.co.uk","Integer Industries"),(297,"House","Asher","senectus.et@acsem.com","Non Lacinia PC"),(298,"Church","Ina","lacus.Cras.interdum@malesuada.co.uk","Lacus Inc."),(299,"Hodge","Kenyon","posuere@Namligulaelit.edu","Aliquet Phasellus PC"),(300,"Faulkner","Cameran","interdum.feugiat@Quisquefringillaeuismod.net","Congue A Associates");

INSERT INTO `InterestList` (`code`,`idReviewer`) VALUES (97,28),(120,3),(96,225),(118,137),(87,119);
INSERT INTO `InterestList` (`code`,`idReviewer`) VALUES (88,169),(98,113),(7,283);
INSERT INTO `InterestList` (`code`,`idReviewer`) VALUES (72,253),(62,99),(113,208),(6,91),(52,95);
INSERT INTO `InterestList` (`code`,`idReviewer`) VALUES (58,262),(70,79),(83,22);
INSERT INTO `InterestList` (`code`,`idReviewer`) VALUES (34,1),(75,203),(105,112),(117,35),(42,53);
INSERT INTO `InterestList` (`code`,`idReviewer`) VALUES (56,1),(66,74),(80,291),(42,251),(15,100);
INSERT INTO `InterestList` (`code`,`idReviewer`) VALUES (113,278),(77,225),(86,249),(62,190),(51,269);
INSERT INTO `InterestList` (`code`,`idReviewer`) VALUES (26,242),(24,224),(115,118),(14,12),(97,73);
INSERT INTO `InterestList` (`code`,`idReviewer`) VALUES (68,252),(115,259),(116,235),(98,76),(31,256);
INSERT INTO `InterestList` (`code`,`idReviewer`) VALUES (90,292),(96,94),(120,207),(17,37),(106,27);
INSERT INTO `InterestList` (`code`,`idReviewer`) VALUES (14,213),(3,221),(94,94),(52,268),(25,8);
INSERT INTO `InterestList` (`code`,`idReviewer`) VALUES (110,251),(72,76),(41,162),(71,125),(81,195);
INSERT INTO `InterestList` (`code`,`idReviewer`) VALUES (86,138),(35,1),(9,216),(2,222),(20,238);
INSERT INTO `InterestList` (`code`,`idReviewer`) VALUES (118,247),(5,223),(63,83),(35,125),(26,185);
INSERT INTO `InterestList` (`code`,`idReviewer`) VALUES (70,40),(68,54),(32,164),(56,255),(116,180);
INSERT INTO `InterestList` (`code`,`idReviewer`) VALUES (43,117),(9,77),(75,14),(13,193),(56,146);
INSERT INTO `InterestList` (`code`,`idReviewer`) VALUES (56,44),(49,209),(89,10),(61,252),(29,119);
INSERT INTO `InterestList` (`code`,`idReviewer`) VALUES (41,213),(55,237),(70,99),(92,287),(112,98);
INSERT INTO `InterestList` (`code`,`idReviewer`) VALUES (116,71),(94,15),(9,85),(104,164),(70,159);
INSERT INTO `InterestList` (`code`,`idReviewer`) VALUES (14,167),(37,55),(120,157),(16,9),(99,109);
INSERT INTO `InterestList` (`code`,`idReviewer`) VALUES (109,288),(53,258),(88,293),(40,4),(42,147);
INSERT INTO `InterestList` (`code`,`idReviewer`) VALUES (17,197),(58,185),(41,288),(96,250),(1,140);
INSERT INTO `InterestList` (`code`,`idReviewer`) VALUES (17,274),(98,229),(72,216),(91,6);
INSERT INTO `InterestList` (`code`,`idReviewer`) VALUES (63,161),(83,116),(120,212),(35,85),(70,202);
INSERT INTO `InterestList` (`code`,`idReviewer`) VALUES (53,39),(82,241),(48,268),(112,105),(71,278);
INSERT INTO `InterestList` (`code`,`idReviewer`) VALUES (105,227),(20,103),(83,214),(100,112),(70,18);
INSERT INTO `InterestList` (`code`,`idReviewer`) VALUES (108,14),(100,97),(83,101),(44,93),(19,78);
INSERT INTO `InterestList` (`code`,`idReviewer`) VALUES (13,189),(115,41),(120,299),(118,127),(77,153);
INSERT INTO `InterestList` (`code`,`idReviewer`) VALUES (16,261),(73,281),(94,193),(52,44),(63,160);
INSERT INTO `InterestList` (`code`,`idReviewer`) VALUES (34,18),(58,100),(75,144),(102,192),(84,173);
INSERT INTO `InterestList` (`code`,`idReviewer`) VALUES (107,231),(3,149),(97,193),(120,148),(103,98);
INSERT INTO `InterestList` (`code`,`idReviewer`) VALUES (60,178),(15,48),(55,171),(72,30),(47,282);
INSERT INTO `InterestList` (`code`,`idReviewer`) VALUES (52,157),(118,89),(17,283),(77,32),(29,60);
INSERT INTO `InterestList` (`code`,`idReviewer`) VALUES (55,230),(112,147),(14,63),(118,210),(93,99);
INSERT INTO `InterestList` (`code`,`idReviewer`) VALUES (85,197),(19,214),(7,80),(41,38),(81,198);
INSERT INTO `InterestList` (`code`,`idReviewer`) VALUES (77,141),(38,167),(32,132),(66,169),(23,134);
INSERT INTO `InterestList` (`code`,`idReviewer`) VALUES (42,123),(123,221),(107,15),(20,63);
INSERT INTO `InterestList` (`code`,`idReviewer`) VALUES (122,192),(38,26),(71,253),(32,144);
INSERT INTO `InterestList` (`code`,`idReviewer`) VALUES (35,15),(61,299),(55,30),(115,44),(88,279);
INSERT INTO `InterestList` (`code`,`idReviewer`) VALUES (8,197),(88,95),(2,173),(52,55),(42,52);
INSERT INTO `InterestList` (`code`,`idReviewer`) VALUES (17,267),(45,21),(121,39),(63,224),(42,165);
INSERT INTO `InterestList` (`code`,`idReviewer`) VALUES (41,142),(50,113),(106,105),(5,211),(97,64);
INSERT INTO `InterestList` (`code`,`idReviewer`) VALUES (69,248),(65,141),(72,265),(79,59),(112,213);
INSERT INTO `InterestList` (`code`,`idReviewer`) VALUES (91,248),(41,10),(52,246),(13,239);
INSERT INTO `InterestList` (`code`,`idReviewer`) VALUES (4,179),(4,299),(103,47),(86,250),(73,17);
INSERT INTO `InterestList` (`code`,`idReviewer`) VALUES (37,21),(113,235),(108,296),(48,273),(93,268);
INSERT INTO `InterestList` (`code`,`idReviewer`) VALUES (61,281),(113,189),(22,293),(67,298),(34,52);
INSERT INTO `InterestList` (`code`,`idReviewer`) VALUES (68,42),(8,124),(114,250),(50,251),(26,245);
INSERT INTO `InterestList` (`code`,`idReviewer`) VALUES (97,265),(52,111),(94,105),(33,82),(115,218);
INSERT INTO `InterestList` (`code`,`idReviewer`) VALUES (17,100),(31,79),(74,198),(3,161),(95,218);
INSERT INTO `InterestList` (`code`,`idReviewer`) VALUES (32,51),(84,45),(119,266),(118,205),(7,242);
INSERT INTO `InterestList` (`code`,`idReviewer`) VALUES (18,247),(19,280),(52,128),(56,260),(54,28);
INSERT INTO `InterestList` (`code`,`idReviewer`) VALUES (9,103),(94,104),(52,81),(107,93),(22,272);
INSERT INTO `InterestList` (`code`,`idReviewer`) VALUES (71,81),(92,188),(97,187),(120,168);
INSERT INTO `InterestList` (`code`,`idReviewer`) VALUES (73,143),(101,237),(52,76),(119,162),(79,215);
INSERT INTO `InterestList` (`code`,`idReviewer`) VALUES (47,159),(19,7),(84,150),(45,279),(53,59);
INSERT INTO `InterestList` (`code`,`idReviewer`) VALUES (29,75),(26,266),(31,48),(24,212),(95,110);
INSERT INTO `InterestList` (`code`,`idReviewer`) VALUES (118,173),(11,22),(49,39),(62,196),(28,237);
INSERT INTO `InterestList` (`code`,`idReviewer`) VALUES (8,148),(17,229),(107,294),(34,169),(73,131);
INSERT INTO `InterestList` (`code`,`idReviewer`) VALUES (5,188),(101,92),(13,194),(89,185),(62,235);
INSERT INTO `InterestList` (`code`,`idReviewer`) VALUES (96,190),(22,123),(116,247),(52,253),(49,271);
INSERT INTO `InterestList` (`code`,`idReviewer`) VALUES (83,61),(51,90),(24,7),(68,63),(60,84);
INSERT INTO `InterestList` (`code`,`idReviewer`) VALUES (61,113),(60,170),(69,22),(119,279),(49,249);
INSERT INTO `InterestList` (`code`,`idReviewer`) VALUES (23,199),(122,85),(56,118),(85,255),(63,42);
INSERT INTO `InterestList` (`code`,`idReviewer`) VALUES (109,293),(17,97),(68,196),(13,56),(84,61);
INSERT INTO `InterestList` (`code`,`idReviewer`) VALUES (100,75),(113,280),(59,35),(7,254),(76,11);
INSERT INTO `InterestList` (`code`,`idReviewer`) VALUES (49,38),(14,281),(55,289),(114,155),(79,202);
INSERT INTO `InterestList` (`code`,`idReviewer`) VALUES (90,239),(33,65),(23,287),(97,256),(4,229);
INSERT INTO `InterestList` (`code`,`idReviewer`) VALUES (13,70),(7,3),(101,218),(47,236),(12,209);
INSERT INTO `InterestList` (`code`,`idReviewer`) VALUES (118,234),(94,300),(72,202),(25,102),(89,68);
INSERT INTO `InterestList` (`code`,`idReviewer`) VALUES (57,227),(46,32),(87,45),(88,172),(123,55);
INSERT INTO `InterestList` (`code`,`idReviewer`) VALUES (44,273),(4,73),(59,132),(20,142),(15,7);
INSERT INTO `InterestList` (`code`,`idReviewer`) VALUES (48,177),(43,34),(86,182),(118,187),(124,145);
INSERT INTO `InterestList` (`code`,`idReviewer`) VALUES (75,263),(69,225),(4,119),(8,246),(62,127);
INSERT INTO `InterestList` (`code`,`idReviewer`) VALUES (69,143),(76,227),(54,167),(17,53),(81,285);
INSERT INTO `InterestList` (`code`,`idReviewer`) VALUES (1,267),(25,115),(21,191),(16,25),(59,96);
INSERT INTO `InterestList` (`code`,`idReviewer`) VALUES (66,25),(109,178),(124,132),(110,138),(123,236);
INSERT INTO `InterestList` (`code`,`idReviewer`) VALUES (60,102),(119,160),(54,8),(97,86),(114,222);
INSERT INTO `InterestList` (`code`,`idReviewer`) VALUES (28,194),(86,9),(64,16),(38,194),(103,150);
INSERT INTO `InterestList` (`code`,`idReviewer`) VALUES (26,36),(52,258),(24,49),(18,72),(40,83);
INSERT INTO `InterestList` (`code`,`idReviewer`) VALUES (19,282),(63,143),(66,176),(1,133),(106,277);

INSERT INTO `Author` (`idAuthor`,`authorLastName`,`authorFirstName`,`mailAddress`,`emailAddress`,`affliation`) VALUES (1,"Nixon","Mason","3271 At Rd.","Pellentesque.tincidunt@enimgravidasit.com","Justo Associates"),(2,"Beasley","Dean","947-2003 Nam St.","adipiscing@eudoloregestas.co.uk","Et Associates"),(3,"Atkins","Jana","Ap #911-5381 Pede. Av.","In.lorem.Donec@rutrummagna.edu","Tincidunt Ltd"),(4,"Farmer","Tatum","979-1941 Et Av.","massa.Integer@purus.ca","Ridiculus Mus Aenean Associates"),(5,"Watson","Brett","1934 Sed St.","arcu@quam.edu","Turpis Aliquam Adipiscing Corporation"),(6,"Robbins","Roth","P.O. Box 791, 2234 Ullamcorper Street","ac.arcu.Nunc@Namtempordiam.co.uk","Egestas Inc."),(7,"Hill","Carolyn","Ap #559-6078 Massa. Rd.","diam.dictum@dictumplacerataugue.net","Malesuada Associates"),(8,"Collins","Joel","Ap #875-6824 Sit Rd.","molestie.Sed@ullamcorper.edu","Eleifend Nec Malesuada Ltd"),(9,"Cohen","Kim","P.O. Box 812, 8408 Dolor, Road","Praesent.eu@dapibusrutrum.com","Malesuada Integer Id Corporation"),(10,"Richards","Charde","508-8464 Sed Rd.","mus@leoinlobortis.edu","Ligula Nullam Feugiat Associates");
INSERT INTO `Author` (`idAuthor`,`authorLastName`,`authorFirstName`,`mailAddress`,`emailAddress`,`affliation`) VALUES (11,"Castro","Vaughan","692-9590 Et, Street","Sed.pharetra@nibh.edu","Orci Ut Sagittis Company"),(12,"Glover","Armand","8559 Mattis. Ave","Vivamus.nisi.Mauris@Namtempordiam.edu","Arcu Et Pede PC"),(13,"Irwin","Idola","380-7108 Cras Street","faucibus@uterosnon.org","Semper Rutrum Fusce Incorporated"),(14,"Mcdonald","Yvette","Ap #643-9405 Nullam Avenue","habitant.morbi@felisegetvarius.edu","Aliquam Consulting"),(15,"Bauer","Cassady","P.O. Box 731, 9182 Lectus St.","lobortis.Class.aptent@Morbi.edu","Mi Limited"),(16,"Townsend","Eric","7379 Consequat, Av.","erat.Sed.nunc@cursusluctus.co.uk","Amet Consulting"),(17,"Merritt","Bo","P.O. Box 294, 6432 Mattis Rd.","mollis.nec.cursus@ornareFuscemollis.net","Semper LLC"),(18,"Clements","Zenaida","P.O. Box 537, 3961 Risus. Road","ullamcorper.velit@aliquet.org","Tellus Phasellus Elit Consulting"),(19,"Norman","Edan","198-5249 Odio St.","leo.Vivamus.nibh@magnaUt.org","Magna Limited"),(20,"Galloway","Samantha","Ap #382-2557 Ac Street","ac@sodales.ca","Orci Tincidunt Adipiscing Inc.");
INSERT INTO `Author` (`idAuthor`,`authorLastName`,`authorFirstName`,`mailAddress`,`emailAddress`,`affliation`) VALUES (21,"Little","Nevada","695-9399 Cum Av.","dictum.cursus@a.com","Tellus Id Institute"),(22,"Hurley","Lisandra","Ap #704-9494 Neque. Road","diam@utmiDuis.co.uk","Magna A Associates"),(23,"Kelly","Hakeem","9476 Faucibus. Road","diam@vel.co.uk","Justo Associates"),(24,"Simpson","Amela","940 Molestie. Av.","ut@ullamcorper.com","Sapien Gravida LLP"),(25,"Mckay","Octavius","867-1657 Nulla Ave","euismod@milaciniamattis.com","Integer Ltd"),(26,"Pacheco","Denise","P.O. Box 894, 7433 Eleifend. Rd.","dolor.Donec.fringilla@cursusin.co.uk","Morbi Metus Foundation"),(27,"Trevino","Maxwell","4695 Metus St.","eu@felispurusac.ca","Neque Sed Sem Limited"),(28,"Wilder","Cheryl","6391 Turpis Road","urna.Nunc.quis@laciniavitae.com","Justo Associates"),(29,"Kaufman","Iliana","P.O. Box 297, 3083 Ligula Road","consequat.auctor@Quisqueimperdieterat.com","Dui Augue Consulting"),(30,"Bennett","Shafira","P.O. Box 760, 4634 Rutrum Ave","nibh.Aliquam.ornare@Phaselluselitpede.com","Rutrum Magna Cras Associates");
INSERT INTO `Author` (`idAuthor`,`authorLastName`,`authorFirstName`,`mailAddress`,`emailAddress`,`affliation`) VALUES (31,"Farrell","Tanya","554-1417 Vitae, St.","vel.quam@enimsitamet.net","Donec Nibh LLC"),(32,"Giles","Yael","P.O. Box 411, 1141 Nunc Ave","enim.consequat.purus@semmagnanec.co.uk","Laoreet LLC"),(33,"Tyler","September","934-913 Cursus Av.","id.ante@etrisus.ca","Egestas Ltd"),(34,"Holcomb","Alden","P.O. Box 465, 1139 Iaculis Rd.","blandit.at@liberoDonecconsectetuer.org","Donec Tempus Incorporated"),(35,"Finch","Clio","P.O. Box 274, 9997 Aliquam St.","tristique.aliquet.Phasellus@quismassaMauris.edu","Pellentesque A Facilisis Ltd"),(36,"Soto","Lance","Ap #239-2162 Sit Rd.","lorem@odiosemper.org","Ullamcorper Magna Sed LLC"),(37,"Swanson","Regina","7600 Facilisis St.","eu.lacus.Quisque@egetmassa.ca","Metus Industries"),(38,"Mayer","Amethyst","9646 Lorem Street","sed@dapibusligulaAliquam.co.uk","Odio Vel PC"),(39,"Merrill","Melvin","430-6477 Augue Street","vitae.purus.gravida@sagittisplaceratCras.edu","Pharetra Nam Associates"),(40,"Morton","Eric","9278 Rutrum St.","a.magna.Lorem@nectempusscelerisque.ca","Ipsum Corp.");
INSERT INTO `Author` (`idAuthor`,`authorLastName`,`authorFirstName`,`mailAddress`,`emailAddress`,`affliation`) VALUES (41,"Suarez","Darius","P.O. Box 542, 5080 Tincidunt, Ave","magna@dapibus.org","Mauris A LLP"),(42,"Copeland","Lisandra","P.O. Box 892, 8429 Semper Rd.","ornare.Fusce@dapibusgravida.net","Sagittis Duis Gravida Corp."),(43,"Howe","Cynthia","P.O. Box 190, 8959 Duis Rd.","Suspendisse.eleifend@felisNulla.ca","Magnis Dis Parturient Incorporated"),(44,"Harper","Shaine","Ap #492-8493 Aliquet Road","Donec.feugiat@orciDonec.ca","Urna LLP"),(45,"Michael","Jordan","Ap #599-9326 Tellus, Av.","dui@massarutrum.com","Scelerisque Lorem Ipsum Corp."),(46,"Stephenson","Diana","Ap #149-2262 Dui St.","mauris@blandit.net","Curabitur Egestas Corp."),(47,"Acevedo","Vanna","Ap #216-1812 Convallis Road","mauris.sagittis@eleifendCrassed.ca","Urna Company"),(48,"Simmons","Virginia","346-4534 Aliquam St.","tempus@ipsumprimis.com","Cursus Vestibulum Mauris Ltd"),(49,"Stanley","Autumn","399-3545 Aliquam Rd.","ut.dolor@velarcuCurabitur.co.uk","Tellus Lorem Eu LLC"),(50,"Ray","Bevis","P.O. Box 417, 5308 Mauris. Ave","arcu.Morbi@aliquetsem.com","Eu PC");
INSERT INTO `Author` (`idAuthor`,`authorLastName`,`authorFirstName`,`mailAddress`,`emailAddress`,`affliation`) VALUES (51,"Pearson","Ava","Ap #478-7306 Arcu Street","tortor.nibh.sit@est.co.uk","Vel Foundation"),(52,"Hansen","Petra","P.O. Box 160, 3485 A Street","Maecenas.libero@Pellentesqueultricies.net","Nascetur Corp."),(53,"Obrien","Prescott","466-2437 Quisque Rd.","cursus.et@turpis.net","In Mi Pede Company"),(54,"Villarreal","Lars","9134 Aliquam Av.","Aenean@MorbimetusVivamus.net","Diam Lorem LLC"),(55,"Sanchez","Jenette","Ap #636-9689 Ligula. Avenue","lacus.Cras.interdum@Proinnonmassa.ca","Eu Lacus PC"),(56,"Caldwell","Libby","138-8064 Risus. Avenue","montes.nascetur@fringillaDonecfeugiat.ca","Vestibulum Nec Euismod Limited"),(57,"Stanton","Xavier","9270 Nisi Rd.","aliquam.iaculis.lacus@infaucibus.co.uk","Mi Lacinia Associates"),(58,"White","Ashely","Ap #857-6708 Hymenaeos. Avenue","non@euismodestarcu.ca","Phasellus At Augue Company"),(59,"Whitley","Rigel","7592 Eleifend. Ave","tristique.pharetra@Nam.com","Eget Lacus Mauris LLP"),(60,"Rodgers","Jolie","1985 Lectus. St.","lectus.Cum.sociis@Crasdolordolor.co.uk","Purus Sapien Gravida LLP");
INSERT INTO `Author` (`idAuthor`,`authorLastName`,`authorFirstName`,`mailAddress`,`emailAddress`,`affliation`) VALUES (61,"Colon","Carla","2507 Lacus. Avenue","Sed@Craseu.org","Pede Nec Inc."),(62,"Gibbs","Wyoming","P.O. Box 193, 4762 Aliquam Road","mollis@pellentesquemassa.org","Blandit Nam Institute"),(63,"Mcleod","Maisie","P.O. Box 263, 8555 Odio. St.","placerat.eget.venenatis@arcu.co.uk","Ipsum Incorporated"),(64,"Ortiz","Hamilton","P.O. Box 259, 7176 Consectetuer St.","venenatis.a.magna@Duis.edu","Et Lacinia Associates"),(65,"Jackson","Walker","8563 Posuere Ave","Duis.risus.odio@necorci.edu","Eu Consulting"),(66,"Pruitt","Angelica","435 A Av.","Duis.mi.enim@utquamvel.com","Donec Tempor Est PC"),(67,"Chaney","Charde","P.O. Box 405, 4951 Amet, St.","sagittis.augue@estac.co.uk","Risus Donec Institute"),(68,"Whitaker","Castor","P.O. Box 563, 390 Nec Rd.","Morbi.quis@fringillaporttitorvulputate.com","Arcu Consulting"),(69,"Small","Josephine","9093 Eu Street","euismod@Nam.com","Orci Tincidunt LLC"),(70,"Sosa","Martena","453-2766 Lorem, Road","lectus@justoeuarcu.net","Tellus Lorem Consulting");
INSERT INTO `Author` (`idAuthor`,`authorLastName`,`authorFirstName`,`mailAddress`,`emailAddress`,`affliation`) VALUES (71,"Richards","Zenaida","Ap #244-1611 Elit St.","vel.vulputate@egestasblandit.org","Magna A Tortor Ltd"),(72,"Dixon","Ivana","P.O. Box 614, 6447 Cum Rd.","fermentum.convallis.ligula@cursusdiamat.com","Justo Consulting"),(73,"Foster","Candice","Ap #904-6481 Facilisis Avenue","lacus@elementumloremut.ca","Ut Mi Company"),(74,"Pace","Finn","582-922 Eget, St.","luctus@acnullaIn.edu","Pharetra Nam Ac Institute"),(75,"Chang","Lacy","P.O. Box 160, 7050 Scelerisque St.","diam.vel.arcu@ornare.org","Pretium Neque Morbi Foundation"),(76,"Soto","Chastity","P.O. Box 738, 2238 Felis, Road","ut@Curabitur.co.uk","Odio Sagittis Semper Limited"),(77,"Savage","Germane","Ap #666-6957 Vulputate, St.","mauris.eu.elit@leoVivamusnibh.com","Ut Lacus Inc."),(78,"Hurley","Isaiah","5028 Integer Rd.","Phasellus.libero@lacusCras.net","Eros Nec Tellus Company"),(79,"Norton","Karen","Ap #952-5638 Dictum Rd.","viverra.Maecenas.iaculis@Aliquamnec.co.uk","Lorem Ipsum Foundation"),(80,"Flores","Yael","9860 Accumsan St.","libero.Donec.consectetuer@mitempor.com","Lorem Ltd");
INSERT INTO `Author` (`idAuthor`,`authorLastName`,`authorFirstName`,`mailAddress`,`emailAddress`,`affliation`) VALUES (81,"Mcdaniel","Idola","6283 Aliquam Ave","ipsum@massaMaurisvestibulum.edu","Turpis Nec Corporation"),(82,"Fox","Julie","P.O. Box 535, 2439 Rhoncus. Ave","id.sapien@eu.edu","Consequat Lectus Sit Corporation"),(83,"Boyd","Simone","P.O. Box 730, 4347 Vivamus Rd.","amet.nulla.Donec@dolorelitpellentesque.edu","Ante Nunc LLC"),(84,"Leblanc","Chandler","738-1887 Nunc Ave","Donec.non.justo@nectempus.net","Mauris LLP"),(85,"Macias","Merritt","Ap #858-9340 Proin St.","vestibulum.lorem.sit@ac.com","Aliquam Fringilla Limited"),(86,"Schmidt","Silas","618-7087 Sociis Ave","quis@maurisipsumporta.com","Risus Varius Orci LLC"),(87,"England","Nash","P.O. Box 483, 3940 Ante St.","vulputate@eunibhvulputate.co.uk","Diam Duis Mi PC"),(88,"Hayes","Peter","758-6487 Iaculis Rd.","arcu@PhasellusornareFusce.net","Malesuada Fames Ac Incorporated"),(89,"Ford","Chelsea","Ap #119-1206 Adipiscing Rd.","sed.tortor.Integer@vestibulumnec.net","Tincidunt Company"),(90,"Craig","Sydnee","301-7424 Molestie Avenue","Nunc@cursus.co.uk","Dictum Eu Eleifend Consulting");
INSERT INTO `Author` (`idAuthor`,`authorLastName`,`authorFirstName`,`mailAddress`,`emailAddress`,`affliation`) VALUES (91,"Golden","Ayanna","7046 Tempus St.","tincidunt.nibh@quis.co.uk","Lectus Nullam Suscipit PC"),(92,"Quinn","Lillian","6418 Malesuada St.","malesuada.vel.convallis@liberoProinsed.edu","Sem Institute"),(93,"Perry","Stacy","P.O. Box 610, 832 Eget Av.","ante.Maecenas.mi@ipsum.edu","Nullam Corp."),(94,"Forbes","Phyllis","591-4804 Dolor. Rd.","nunc.id@Donec.ca","Mattis Cras Industries"),(95,"Terry","Zane","Ap #118-1392 Dictum St.","placerat.Cras.dictum@Sed.co.uk","Dolor Corporation"),(96,"Stout","George","5376 Ridiculus Street","tristique.pellentesque.tellus@risusDonecegestas.org","Neque Sed Corporation"),(97,"Howard","Gavin","P.O. Box 115, 8205 A Avenue","luctus.et.ultrices@tempusmauris.com","Dolor Sit Inc."),(98,"Duncan","Myles","P.O. Box 192, 2141 Non, Road","mi@Cum.org","Nibh Dolor LLP"),(99,"Salazar","Jaquelyn","6443 Ut Rd.","mauris.id.sapien@cursusnonegestas.edu","Curabitur Vel Lectus Ltd"),(100,"Bates","George","P.O. Box 275, 8461 Elit Road","gravida.nunc@bibendumfermentum.ca","Sodales LLP");

INSERT INTO `Manuscript` VALUES (5,'Paper 1','2017-05-08 13:57:46','Submitted','Mason Nixon, Emma Stone','llsl\n',NULL,1,NULL,7),(6,'Second Paper','2017-05-08 13:58:13','Under review','Mason Nixon, Steven Smith','llsl\n',NULL,1,NULL,8),(7,'Log1','2017-05-08 14:33:56','Submitted','Dean Beasley','llsl\n',NULL,2,NULL,31),(8,'Log2','2017-05-08 14:34:30','Submitted','Dean Beasley, Yuzhong Qian','llsl\n',NULL,2,NULL,57),(9,'Log3','2017-05-08 14:34:51','Under review','Dean Beasley, Yuzhong Qian','llsl\n',NULL,2,NULL,1);
INSERT INTO `Assignment` VALUES (6,148,'2017-05-08 14:45:28',NULL),(6,197,'2017-05-08 14:45:28',NULL),(6,246,'2017-05-08 14:49:04',NULL),(9,133,'2017-05-08 14:46:40',NULL),(9,140,'2017-05-08 14:46:40',NULL),(9,267,'2017-05-08 14:46:40',NULL);

